0,0,0,0
-0.00115443,-0.00304617,0.00115683,0.00126684
-0.0011400275999999998,-0.00256506,-0.0013858499999999999,0.001040166
-0.0015200376,-0.0017195700000000001,-0.00211365,0.00047430599999999997
-0.0021359076,-0.0005680200000000002,-0.002352282,0.00011016600000000003
-0.0031166676000000003,-0.0043902,0.002314908,6.762000000000003e-05
-0.0042927876,-0.0031685100000000002,0.002243874,-0.0005669099999999999
-0.0053327976000000004,-0.0019467900000000003,0.000957414,-0.00102945
-0.005297448600000001,-0.0014731200000000005,-0.0014515859999999997,-0.0010210407
-0.0048624186000000005,-0.0003911100000000005,-0.0026682959999999997,-0.0015000207
-0.0062653686000000005,-0.0020901900000000005,0.000622404,-0.0016003677
-0.0054709986000000006,-0.0051314099999999994,0.001021704,4.0842299999999804e-05
-0.0054362226,-0.0041648399999999995,-7.356000000000029e-06,-0.0008128677000000001
-0.0062126226,-0.0030052199999999994,-0.00010743600000000002,-0.0011967777000000002
-0.0061762446,-0.0029381789999999995,-0.00024941700000000004,-0.0009057057000000003
-0.0063234876,-0.0020846189999999994,-0.001342497,-0.0018358257000000002
-0.0056651976000000005,-0.0007195289999999996,-0.0028352969999999996,-0.0026534457
-0.0068717376,-0.0032107289999999994,0.0009312029999999998,-0.0031064157
-0.0068386416000000005,-0.0026184989999999994,-7.8837e-05,-0.0033021927
-0.0067483986,-0.0025663559999999992,-0.000605097,-0.0031554297
-0.006568248600000001,-0.001986545999999999,-0.001591737,-0.0032526747000000003
-0.006251688600000001,-0.0016308359999999992,-0.0023840669999999997,-0.0032195757000000004
-0.005804808600000001,-0.0006021959999999993,-0.0035933369999999994,-0.0036473457000000004
-0.005820402300000001,-0.002717825999999999,-0.0029771069999999997,-0.0027021057000000005
-0.005010732300000001,-0.006377345999999999,-0.0031800899999999996,-0.00013764570000000071
-0.004848924300000001,-0.005209025999999999,-0.004625069999999999,-0.0014401857000000005
-0.006709014300000001,-0.0026048459999999996,-0.0046223296799999996,-0.0025510857000000005
-0.006766257300000001,-0.005343756,-0.0035048296799999996,-0.0008043657000000007
-0.008718777300000001,-0.002712876,-0.0034352566799999997,-0.0019854657000000003
-0.008323287300000001,-0.0021423659999999997,-0.00442858668,-0.0019659444000000004
-0.0083751753,-0.0024968459999999996,-0.00401404668,-0.0017458644000000003
-0.007580805300000001,-0.0055380659999999995,-0.00361474668,-0.0001046544000000006
-0.007290681300000001,-0.0043852859999999995,-0.00509416668,-0.0013443444000000005
-0.0077503413000000005,-0.005914266,-0.0030907966799999997,-0.0012918504000000006
-0.0075816453,-0.005613816,-0.0037725766799999996,-0.0012936649800000006
-0.0076804173,-0.004277256,-0.00514411668,-0.0009970249800000006
-0.0075675062999999996,-0.00452433,-0.0049084876799999995,-0.0007734529800000006
-0.0073996893,-0.00461745,-0.004853566679999999,-0.0006394939800000006
-0.0069253893,-0.004356723000000001,-0.005547706679999999,-0.00039225798000000066
-0.0078680793,-0.008267673,-0.0008445166799999999,-0.0005907529800000006
-0.0083857893,-0.006926763,-0.0033110866799999994,-4.856298000000068e-05
-0.010498419299999999,-0.004166763,-0.0032332876799999995,-0.0014535229800000007
-0.010478580599999999,-0.0034193430000000005,-0.004115317679999999,-0.0016399909800000007
-0.0099746106,-0.002157303,-0.005477257679999999,-0.0023579209800000007
-0.009871590599999999,-0.002120058,-0.0055634566799999995,-0.002313958980000001
-0.010840740599999999,-0.004284108,-0.00207046668,-0.002597797980000001
-0.010647324599999999,-0.002902248,-0.004574566679999999,-0.001784827980000001
-0.0102417846,-0.002584398,-0.005277676679999999,-0.001664833980000001
-0.0112935846,-0.006354408,-0.0007294966799999995,-0.001890481980000001
-0.0107736546,-0.0051680879999999995,-0.0021518566799999996,-0.002640991980000001
-0.0102374046,-0.0037340879999999996,-0.0036927166799999994,-0.003611851980000001
-0.0100013346,-0.006603978,-0.0025567066799999996,-0.0013608319800000011
-0.0095490246,-0.006016098,-0.0034742266799999994,-0.0013975609800000012
-0.009245514600000001,-0.005745438,-0.004179406679999999,-0.0012694189800000013
-0.009236448900000001,-0.006060798,-0.0037586866799999992,-0.0010373119800000013
-0.009031908900000002,-0.004605678,-0.005322676679999999,-0.0028686019800000014
-0.008967615900000002,-0.004814265,-0.0050595436799999996,-0.0027796429800000014
-0.008250105900000002,-0.0034473150000000003,-0.006556183679999999,-0.0036492529800000013
-0.009377295900000002,-0.005934795,-0.0034652236799999994,-0.0035350759800000012
-0.009328971900000002,-0.003996075,-0.005972413679999999,-0.0030785959800000012
-0.009279897900000002,-0.005003595,-0.005559943679999999,-0.0026715259800000014
-0.008802777900000003,-0.0043399649999999994,-0.006495433679999999,-0.0027067009800000015
-0.009911607900000003,-0.008443335,-0.00122158368,-0.0034921309800000017
-0.009643071900000003,-0.007011195,-0.0026745136799999998,-0.0051694009800000015
-0.009798912900000003,-0.006032205,-0.0036013636799999997,-0.004873924980000001
-0.009725730900000003,-0.005590215,-0.0040271236799999995,-0.005049529980000001
-0.009824490900000003,-0.004253655,-0.00539866368,-0.004752889980000001
-0.009215190900000003,-0.0036980550000000004,-0.0063022936799999995,-0.004751989080000001
-0.010027680900000002,-0.005746035,-0.00404212368,-0.004574968080000001
-0.009422370900000003,-0.005206575,-0.00492955368,-0.004511998080000001
-0.009355074900000003,-0.005363016,-0.005050711679999999,-0.0041514880800000015
-0.009131790900000002,-0.006494705999999999,-0.00456678168,-0.0036788680800000015
-0.009343500900000003,-0.004845275999999999,-0.007067821679999999,-0.0028174180800000018
-0.009342284550000003,-0.004656560999999999,-0.007260184679999999,-0.0025899670800000017
-0.009558488550000003,-0.006684050999999999,-0.00550794468,-0.0024028600800000016
-0.009403088550000003,-0.006606455999999999,-0.00576019968,-0.002114506080000002
-0.009083978550000003,-0.0054977459999999995,-0.00700801968,-0.0026958760800000017
-0.010064738550000004,-0.009319926,-0.00234082968,-0.0027384220800000018
-0.009629708550000005,-0.008237916,-0.0035575396799999996,-0.0032174020800000017
-0.009594932550000004,-0.007271346,-0.004586599679999999,-0.004071112080000001
-0.009558554550000004,-0.007204304999999999,-0.0047285806799999995,-0.0037800400800000016
-0.008900264550000004,-0.005839215,-0.006221380679999999,-0.004597660080000001
-0.008583704550000003,-0.005483505,-0.007013710679999999,-0.004564561080000001
-0.009185684550000003,-0.007499205,-0.00430885068,-0.004534565580000001
-0.008738804550000003,-0.006470565,-0.00551812068,-0.004962335580000001
-0.008861216550000004,-0.006307923,-0.00567629568,-0.004764755580000001
-0.008465726550000004,-0.005737413,-0.00666962568,-0.004745234280000001
-0.008517614550000004,-0.006091893,-0.00625508568,-0.004525154280000001
-0.008998484550000003,-0.006208602,-0.00576908568,-0.0039520642800000005
-0.009097256550000004,-0.004872042,-0.00714062568,-0.0036554242800000006
-0.009610376550000004,-0.006305442,-0.00527735568,-0.0035362042800000004
-0.009497465550000004,-0.0065525159999999995,-0.00504172668,-0.0033126322800000004
-0.009329648550000003,-0.006645636,-0.004986805679999999,-0.0031786732800000005
-0.009485498550000004,-0.005666646,-0.005913655679999999,-0.0028832032800000006
-0.009011198550000004,-0.005405919,-0.0066077956799999995,-0.0026359672800000005
-0.008705378550000004,-0.005075049000000001,-0.007297795679999999,-0.0024577822800000006
-0.009648068550000003,-0.008985999000000001,-0.0025946056799999997,-0.0026562772800000005
-0.010165778550000002,-0.007645089000000002,-0.005061175679999999,-0.0021140872800000004
-0.010145939850000002,-0.006897669000000002,-0.005943205679999999,-0.0023005552800000003
-0.009641969850000003,-0.005635629000000002,-0.007305145679999999,-0.00301848528
-0.009538949850000002,-0.005598384000000002,-0.007391344679999999,-0.0029745232800000004
-0.010508099850000003,-0.007762434000000002,-0.0038983546799999996,-0.0032583622800000005
-0.010314683850000003,-0.006380574000000002,-0.006402454679999999,-0.0024453922800000004
-0.009909143850000003,-0.006062724000000002,-0.007105564679999999,-0.0023253982800000004
-0.009389213850000003,-0.004876404000000002,-0.008527924679999998,-0.00307590828
-0.010237223850000003,-0.007588614000000001,-0.005807104679999999,-0.00337060728
-0.009700973850000003,-0.006154614000000001,-0.007347964679999998,-0.00434146728
-0.009933356850000002,-0.006717654000000001,-0.006627274679999999,-0.00400189728
-0.009481046850000003,-0.006129774000000001,-0.007544794679999999,-0.00403862628
-0.009488641050000003,-0.006181923000000001,-0.0075788116799999986,-0.00367268628
-0.009957271050000003,-0.006845553000000001,-0.006301081679999999,-0.00358877028
-0.009948205350000003,-0.0071609130000000005,-0.005880361679999999,-0.00335666328
-0.009883912350000003,-0.0073695,-0.005617228679999999,-0.00326770428
-0.009703762350000002,-0.007069665,-0.006281008679999999,-0.00323848458
-0.008986252350000003,-0.0057027150000000006,-0.007777648679999999,-0.00410809458
-0.010113442350000003,-0.008190195,-0.004686688679999999,-0.00399391758
-0.009842221350000003,-0.007178955000000001,-0.006036298679999999,-0.00510286758
-0.009793897350000002,-0.005240235000000001,-0.00854348868,-0.0046463875799999995
-0.009744823350000003,-0.006247755000000001,-0.00813101868,-0.00423931758
-0.009267703350000003,-0.0055841250000000005,-0.00906650868,-0.00427449258
-0.010376533350000003,-0.009687495,-0.0037926586800000007,-0.00505992258
-0.010107997350000003,-0.008255355,-0.0052455886800000006,-0.00673719258
-0.010263838350000004,-0.007276365000000001,-0.0061724386800000005,-0.0064417165799999995
-0.010190656350000004,-0.006834375000000001,-0.00659819868,-0.006617321579999999
-0.010388680350000004,-0.007802175000000001,-0.00545645868,-0.006262241579999999
-0.010487440350000004,-0.006465615000000001,-0.00682799868,-0.0059656015799999995
-0.009878140350000003,-0.005910015000000001,-0.00773162868,-0.00596470068
-0.010514440350000003,-0.005926779000000001,-0.00714692868,-0.00555880068
-0.009909130350000003,-0.005387319000000001,-0.008034358680000001,-0.00549583068
-0.009841834350000004,-0.005543760000000001,-0.00815551668,-0.00513532068
-0.009618550350000003,-0.006675450000000001,-0.007671586680000001,-0.00466270068
-0.009617334000000003,-0.006486735000000001,-0.007863949680000001,-0.00443524968
-0.009251394000000003,-0.005857275000000001,-0.008822569680000001,-0.0043967206800000005
-0.009467598000000002,-0.007884765000000002,-0.007070329680000002,-0.004209613680000001
-0.009312198000000002,-0.007807170000000002,-0.007322584680000002,-0.003921259680000001
-0.008993088000000003,-0.006698460000000002,-0.008570404680000001,-0.00450262968
-0.009973848000000004,-0.010520640000000001,-0.003903214680000001,-0.00454517568
-0.009538818000000004,-0.009438630000000002,-0.00511992468,-0.00502415568
-0.010315218000000004,-0.008279010000000002,-0.00522000468,-0.00540806568
-0.010278840000000004,-0.008211969000000001,-0.00536198568,-0.00511699368
-0.009620550000000004,-0.006846879000000002,-0.00685478568,-0.00593461368
-0.009303990000000003,-0.0064911690000000015,-0.00764711568,-0.00590151468
-0.009905970000000004,-0.008506869000000002,-0.00494225568,-0.00587151918
-0.009459090000000003,-0.007478229000000002,-0.0061515256800000005,-0.00629928918
-0.009581502000000004,-0.007315587000000002,-0.0063097006800000004,-0.00610170918
-0.009186012000000004,-0.006745077000000002,-0.00730303068,-0.006082187879999999
-0.009237900000000004,-0.007099557000000002,-0.0068884906800000005,-0.005862107879999999
-0.009718770000000003,-0.0072162660000000016,-0.00640249068,-0.005289017879999999
-0.009817542000000004,-0.005879706000000002,-0.00777403068,-0.004992377879999999
-0.010330662000000004,-0.0073131060000000015,-0.00591076068,-0.0048731578799999994
-0.010217751000000004,-0.007560180000000001,-0.00567513168,-0.0046495858799999994
-0.010049934000000003,-0.007653300000000002,-0.0056202106799999995,-0.004515626879999999
-0.010205784000000004,-0.006674310000000002,-0.006547060679999999,-0.004220156879999999
-0.009731484000000004,-0.006413583000000002,-0.00724120068,-0.0039729208799999995
-0.009425664000000004,-0.006082713000000003,-0.00793120068,-0.0037947358799999996
-0.010368354000000003,-0.009993663000000003,-0.0032280106800000007,-0.0039932308799999995
-0.010886064000000003,-0.008652753000000003,-0.00569458068,-0.00345104088
-0.010866225300000002,-0.007905333000000002,-0.00657661068,-0.0036375088799999998
-0.010362255300000003,-0.006643293000000002,-0.00793855068,-0.00435543888
-0.010259235300000002,-0.006606048000000002,-0.00802474968,-0.00431147688
-0.011228385300000003,-0.008770098000000002,-0.0045317596800000005,-0.00459531588
-0.011034969300000003,-0.007388238000000002,-0.00703585968,-0.00378234588
-0.010629429300000003,-0.007070388000000002,-0.00773896968,-0.00366235188
-0.010109499300000003,-0.005884068000000002,-0.00916132968,-0.00441286188
-0.010528539300000004,-0.008785008000000002,-0.00632176968,-0.00451747788
-0.009992289300000004,-0.007351008000000003,-0.00786262968,-0.005488337879999999
-0.010224672300000003,-0.007914048000000003,-0.007141939680000001,-0.005148767879999999
-0.009772362300000004,-0.0073261680000000036,-0.00805945968,-0.0051854968799999995
-0.009779956500000004,-0.007378317000000003,-0.008093476680000001,-0.004819556879999999
-0.010248586500000004,-0.008041947000000002,-0.006815746680000002,-0.004735640879999999
-0.010239520800000004,-0.008357307000000003,-0.0063950266800000015,-0.00450353388
-0.010175227800000004,-0.008565894000000003,-0.006131893680000002,-0.004414574879999999
-0.009995077800000004,-0.008266059000000003,-0.006795673680000002,-0.004385355179999999
-0.009277567800000004,-0.006899109000000003,-0.008292313680000002,-0.005254965179999999
-0.010359157800000005,-0.008691309000000003,-0.0052648336800000025,-0.005503503179999999
-0.010310833800000004,-0.006752589000000003,-0.007772023680000002,-0.005047023179999999
-0.009833713800000005,-0.006088959000000003,-0.008707513680000003,-0.005082198179999999
-0.010942543800000004,-0.010192329000000003,-0.0034336636800000033,-0.005867628179999999
-0.010674007800000005,-0.008760189000000003,-0.004886593680000003,-0.007544898179999999
-0.010829848800000005,-0.007781199000000003,-0.005813443680000003,-0.007249422179999999
-0.010756666800000005,-0.007339209000000004,-0.006239203680000003,-0.007425027179999998
-0.010954690800000005,-0.008307009000000004,-0.0050974636800000025,-0.0070699471799999985
-0.011053450800000005,-0.006970449000000004,-0.006469003680000003,-0.0067733071799999985
-0.010444150800000005,-0.006414849000000005,-0.0073726336800000025,-0.006772406279999999
-0.011080450800000004,-0.006431613000000004,-0.006787933680000003,-0.006366506279999999
-0.010475140800000005,-0.005892153000000004,-0.007675363680000003,-0.006303536279999999
-0.010407844800000005,-0.006048594000000004,-0.007796521680000002,-0.0059430262799999994
-0.010184560800000004,-0.007180284000000004,-0.007312591680000003,-0.0054704062799999995
-0.010183344450000005,-0.006991569000000004,-0.007504954680000003,-0.005242955279999999
-0.009817404450000004,-0.006362109000000004,-0.008463574680000002,-0.00520442628
-0.010033608450000004,-0.008389599000000005,-0.006711334680000003,-0.00501731928
-0.009878208450000004,-0.008312004000000005,-0.0069635896800000026,-0.00472896528
-0.009559098450000005,-0.007203294000000005,-0.008211409680000002,-0.00531033528
-0.010539858450000005,-0.011025474000000004,-0.003544219680000002,-0.00535288128
-0.010104828450000006,-0.009943464000000004,-0.004760929680000001,-0.0058318612799999996
-0.010070052450000005,-0.008976894000000004,-0.005789989680000001,-0.006685571279999999
-0.010033674450000005,-0.008909853000000004,-0.005931970680000002,-0.006394499279999999
-0.009375384450000005,-0.007544763000000005,-0.007424770680000001,-0.007212119279999999
-0.009058824450000004,-0.007189053000000004,-0.00821710068,-0.007179020279999999
-0.009660804450000005,-0.009204753000000005,-0.005512240680000001,-0.007149024779999999
-0.009213924450000004,-0.008176113000000006,-0.006721510680000001,-0.007576794779999999
-0.009336336450000005,-0.008013471000000006,-0.006879685680000001,-0.007379214779999999
-0.008940846450000005,-0.007442961000000007,-0.007873015680000001,-0.007359693479999999
-0.008992734450000005,-0.0077974410000000065,-0.007458475680000002,-0.0071396134799999985
-0.009473604450000004,-0.007914150000000007,-0.006972475680000001,-0.006566523479999998
-0.009572376450000005,-0.006577590000000007,-0.00834401568,-0.0062698834799999985
-0.010085496450000005,-0.008010990000000008,-0.00648074568,-0.006150663479999999
-0.009972585450000005,-0.008258064000000008,-0.00624511668,-0.005927091479999999
-0.009804768450000004,-0.008351184000000008,-0.00619019568,-0.005793132479999998
-0.009960618450000005,-0.007372194000000008,-0.00711704568,-0.0054976624799999985
-0.009486318450000005,-0.0071114670000000085,-0.00781118568,-0.005250426479999999
-0.009180498450000005,-0.006780597000000009,-0.00850118568,-0.005072241479999999
-0.010123188450000004,-0.01069154700000001,-0.003797995680000001,-0.005270736479999999
-0.010640898450000004,-0.009350637000000009,-0.0062645656800000005,-0.004728546479999999
-0.010621059750000003,-0.008603217000000008,-0.00714659568,-0.0049150144799999995
-0.010117089750000004,-0.007341177000000009,-0.00850853568,-0.00563294448
-0.010014069750000004,-0.007303932000000009,-0.00859473468,-0.00558898248
-0.010983219750000004,-0.009467982000000008,-0.005101744680000001,-0.00587282148
-0.010789803750000004,-0.008086122000000008,-0.00760584468,-0.0050598514800000004
-0.010384263750000004,-0.007768272000000008,-0.008308954680000001,-0.0049398574800000004
-0.010616646750000003,-0.008331312000000009,-0.007588264680000002,-0.0046002874800000005
-0.010164336750000004,-0.007743432000000009,-0.008505784680000001,-0.0046370164800000006
-0.010171930950000005,-0.007795581000000009,-0.008539801680000002,-0.00427107648
-0.010640560950000004,-0.008459211000000008,-0.007262071680000003,-0.00418716048
-0.010631495250000005,-0.008774571000000009,-0.006841351680000002,-0.003955053480000001
-0.010567202250000005,-0.008983158000000008,-0.006578218680000003,-0.0038660944800000007
-0.010387052250000004,-0.008683323000000008,-0.007241998680000003,-0.003836874780000001
-0.009669542250000005,-0.007316373000000009,-0.008738638680000002,-0.004706484780000001
-0.010751132250000005,-0.009108573000000009,-0.005711158680000003,-0.00495502278
-0.011086772250000005,-0.008107863000000009,-0.006114808680000004,-0.00554221278
-0.011038448250000004,-0.006169143000000009,-0.008621998680000003,-0.005085732779999999
-0.010561328250000005,-0.005505513000000009,-0.009557488680000004,-0.0051209077799999995
-0.011670158250000005,-0.009608883000000009,-0.004283638680000004,-0.00590633778
-0.011401622250000005,-0.008176743000000009,-0.005736568680000004,-0.0075836077799999995
-0.011557463250000006,-0.007197753000000009,-0.006663418680000004,-0.007288131779999999
-0.011755487250000005,-0.00816555300000001,-0.005521678680000005,-0.0069330517799999995
-0.011854247250000005,-0.00682899300000001,-0.006893218680000005,-0.0066364117799999995
-0.011244947250000005,-0.00627339300000001,-0.0077968486800000045,-0.00663551088
-0.010639637250000005,-0.00573393300000001,-0.008684278680000004,-0.00657254088
-0.010572341250000006,-0.00589037400000001,-0.008805436680000004,-0.00621203088
-0.010349057250000005,-0.00702206400000001,-0.008321506680000004,-0.00573941088
-0.010347840900000006,-0.00683334900000001,-0.008513869680000003,-0.00551195988
-0.009981900900000005,-0.00620388900000001,-0.009472489680000003,-0.0054734308800000004
-0.010198104900000005,-0.008231379000000011,-0.0077202496800000036,-0.005286323880000001
-0.010042704900000005,-0.008153784000000011,-0.007972504680000004,-0.0049979698800000005
-0.010452504900000005,-0.00809853600000001,-0.007700887680000004,-0.00452378988
-0.010017474900000005,-0.007016526000000011,-0.008917597680000004,-0.005002769880000001
-0.011420424900000005,-0.008715606000000011,-0.005626897680000004,-0.00510311688
-0.011384046900000005,-0.00864856500000001,-0.005768878680000004,-0.0048120448800000005
-0.010725756900000005,-0.0072834750000000115,-0.007261678680000004,-0.00562966488
-0.010409196900000004,-0.006927765000000011,-0.008054008680000004,-0.00559656588
-0.011011176900000004,-0.008943465000000012,-0.005349148680000004,-0.00556657038
-0.010564296900000004,-0.00791482500000001,-0.006558418680000004,-0.00599434038
-0.010686708900000005,-0.007752183000000011,-0.006716593680000004,-0.00579676038
-0.010291218900000005,-0.007181673000000011,-0.007709923680000004,-0.00577723908
-0.010343106900000005,-0.007536153000000011,-0.007295383680000004,-0.0055571590799999996
-0.010823976900000004,-0.00765286200000001,-0.006809383680000004,-0.0049840690799999995
-0.010922748900000005,-0.006316302000000011,-0.008180923680000004,-0.00468742908
-0.011435868900000005,-0.00774970200000001,-0.006317653680000004,-0.00456820908
-0.011322957900000005,-0.007996776000000011,-0.0060820246800000035,-0.00434463708
-0.011155140900000004,-0.008089896000000011,-0.006027103680000003,-0.0042106780799999995
-0.011310990900000005,-0.0071109060000000114,-0.006953953680000003,-0.0039152080799999996
-0.010836690900000005,-0.006850179000000012,-0.007648093680000003,-0.0036679720799999995
-0.010530870900000005,-0.006519309000000012,-0.008338093680000004,-0.0034897870799999995
-0.011473560900000004,-0.010430259000000011,-0.0036349036800000043,-0.0036882820799999994
-0.011991270900000003,-0.00908934900000001,-0.006101473680000004,-0.0031460920799999993
-0.011971432200000003,-0.00834192900000001,-0.006983503680000004,-0.0033325600799999993
-0.011467462200000004,-0.00707988900000001,-0.008345443680000003,-0.004050490079999999
-0.011364442200000003,-0.00704264400000001,-0.008431642680000004,-0.004006528079999999
-0.012333592200000004,-0.00920669400000001,-0.004938652680000004,-0.0042903670799999995
-0.012140176200000003,-0.00782483400000001,-0.007442752680000004,-0.0034773970799999994
-0.011734636200000004,-0.00750698400000001,-0.008145862680000004,-0.0033574030799999994
-0.011214706200000004,-0.00632066400000001,-0.009568222680000004,-0.004107913079999999
-0.011633746200000005,-0.00922160400000001,-0.006728662680000004,-0.004212529079999999
-0.011097496200000005,-0.0077876040000000105,-0.008269522680000004,-0.005183389079999999
-0.011329879200000004,-0.008350644000000011,-0.007548832680000004,-0.004843819079999999
-0.010877569200000005,-0.007762764000000011,-0.008466352680000004,-0.004880548079999999
-0.010574059200000005,-0.007492104000000012,-0.009171532680000004,-0.004752406079999999
-0.010581653400000005,-0.007544253000000011,-0.009205549680000005,-0.004386466079999998
-0.011050283400000005,-0.008207883000000011,-0.007927819680000005,-0.004302550079999998
-0.011041217700000005,-0.008523243000000012,-0.007507099680000005,-0.004070443079999999
-0.010976924700000005,-0.008731830000000012,-0.007243966680000005,-0.003981484079999998
-0.010259414700000006,-0.007364880000000012,-0.008740606680000006,-0.004851094079999998
-0.011341004700000006,-0.009157080000000012,-0.005713126680000007,-0.005099632079999998
-0.011676644700000006,-0.008156370000000012,-0.006116776680000007,-0.005686822079999997
-0.011628320700000005,-0.006217650000000012,-0.008623966680000006,-0.005230342079999997
-0.011151200700000006,-0.005554020000000012,-0.009559456680000007,-0.005265517079999997
-0.012260030700000006,-0.009657390000000012,-0.004285606680000008,-0.006050947079999997
-0.011991494700000006,-0.008225250000000012,-0.0057385366800000075,-0.007728217079999997
-0.012147335700000006,-0.007246260000000012,-0.006665386680000007,-0.007432741079999997
-0.012345359700000006,-0.008214060000000013,-0.005523646680000008,-0.007077661079999997
-0.012444119700000006,-0.006877500000000013,-0.006895186680000008,-0.006781021079999997
-0.011834819700000006,-0.006321900000000013,-0.007798816680000008,-0.006780120179999997
-0.011229509700000006,-0.005782440000000013,-0.008686246680000008,-0.006717150179999997
-0.011162213700000007,-0.005938881000000013,-0.008807404680000007,-0.006356640179999998
-0.010938929700000006,-0.007070571000000013,-0.008323474680000007,-0.005884020179999998
-0.010937713350000006,-0.0068818560000000134,-0.008515837680000006,-0.005656569179999998
-0.010571773350000006,-0.006252396000000013,-0.009474457680000006,-0.005618040179999998
-0.010787977350000005,-0.008279886000000014,-0.007722217680000007,-0.005430933179999998
-0.010632577350000005,-0.008202291000000014,-0.007974472680000008,-0.005142579179999998
-0.011042377350000005,-0.008147043000000014,-0.0077028556800000075,-0.004668399179999998
-0.010607347350000006,-0.007065033000000014,-0.008919565680000007,-0.005147379179999998
-0.012010297350000006,-0.008764113000000014,-0.005628865680000007,-0.005247726179999998
-0.011973919350000006,-0.008697072000000014,-0.005770846680000007,-0.004956654179999998
-0.011315629350000005,-0.007331982000000015,-0.007263646680000007,-0.005774274179999998
-0.010999069350000005,-0.006976272000000014,-0.008055976680000007,-0.005741175179999998
-0.011601049350000005,-0.008991972000000015,-0.005351116680000007,-0.0057111796799999975
-0.011154169350000005,-0.007963332000000014,-0.006560386680000007,-0.006138949679999998
-0.011276581350000005,-0.007800690000000014,-0.006718561680000007,-0.0059413696799999974
-0.010881091350000005,-0.007230180000000014,-0.007711891680000007,-0.005921848379999997
-0.010932979350000005,-0.007584660000000014,-0.007297351680000007,-0.005701768379999997
-0.011413849350000005,-0.0077013690000000135,-0.006811351680000007,-0.005128678379999997
-0.011512621350000005,-0.006364809000000014,-0.008182891680000007,-0.004832038379999997
-0.012025741350000006,-0.007798209000000013,-0.006319621680000007,-0.004712818379999997
-0.011912830350000006,-0.008045283000000014,-0.006083992680000007,-0.004489246379999997
-0.011745013350000005,-0.008138403000000015,-0.006029071680000006,-0.004355287379999997
-0.011900863350000006,-0.007159413000000015,-0.006955921680000006,-0.004059817379999997
-0.011426563350000005,-0.006898686000000015,-0.0076500616800000065,-0.003812581379999997
-0.011120743350000005,-0.006567816000000015,-0.008340061680000007,-0.003634396379999997
-0.012063433350000005,-0.010478766000000014,-0.0036368716800000075,-0.003832891379999997
-0.012581143350000004,-0.009137856000000014,-0.006103441680000007,-0.003290701379999997
-0.012561304650000004,-0.008390436000000013,-0.006985471680000007,-0.0034771693799999968
-0.012057334650000005,-0.007128396000000013,-0.008347411680000007,-0.004195099379999997
-0.011954314650000004,-0.007091151000000013,-0.008433610680000007,-0.004151137379999997
-0.012923464650000004,-0.009255201000000013,-0.004940620680000007,-0.004434976379999997
-0.012730048650000004,-0.007873341000000013,-0.007444720680000007,-0.003622006379999997
-0.012324508650000005,-0.007555491000000013,-0.008147830680000008,-0.003502012379999997
-0.011804578650000005,-0.006369171000000013,-0.009570190680000007,-0.004252522379999997
-0.012223618650000006,-0.009270111000000013,-0.006730630680000007,-0.004357138379999997
-0.011687368650000005,-0.007836111000000014,-0.008271490680000007,-0.005327998379999996
-0.011919751650000004,-0.008399151000000014,-0.0075508006800000076,-0.004988428379999996
-0.011467441650000005,-0.007811271000000015,-0.008468320680000007,-0.0050251573799999965
-0.011163931650000005,-0.007540611000000015,-0.009173500680000007,-0.004897015379999996
-0.011171525850000006,-0.007592760000000014,-0.009207517680000008,-0.004531075379999996
-0.011640155850000005,-0.008256390000000014,-0.007929787680000008,-0.004447159379999996
-0.011631090150000006,-0.008571750000000015,-0.007509067680000008,-0.004215052379999996
-0.011566797150000006,-0.008780337000000015,-0.0072459346800000084,-0.004126093379999996
-0.011386647150000005,-0.008480502000000015,-0.007909714680000008,-0.0040968736799999956
-0.010669137150000006,-0.007113552000000015,-0.009406354680000008,-0.004966483679999995
-0.011750727150000006,-0.008905752000000015,-0.006378874680000009,-0.005215021679999996
-0.011702403150000006,-0.006967032000000015,-0.008886064680000009,-0.004758541679999995
-0.011225283150000006,-0.006303402000000015,-0.009821554680000009,-0.0047937166799999955
-0.012334113150000006,-0.010406772000000016,-0.00454770468000001,-0.005579146679999996
-0.012065577150000006,-0.008974632000000015,-0.00600063468000001,-0.0072564166799999955
-0.012221418150000007,-0.007995642000000015,-0.00692748468000001,-0.006960940679999995
-0.012148236150000007,-0.007553652000000015,-0.0073532446800000095,-0.007136545679999995
-0.012346260150000007,-0.008521452000000014,-0.006211504680000009,-0.006781465679999995
-0.012445020150000007,-0.007184892000000015,-0.007583044680000009,-0.006484825679999995
-0.011835720150000006,-0.006629292000000015,-0.008486674680000009,-0.006483924779999995
-0.011230410150000007,-0.006089832000000015,-0.009374104680000009,-0.006420954779999996
-0.011163114150000007,-0.006246273000000015,-0.009495262680000009,-0.006060444779999996
-0.010939830150000007,-0.007377963000000015,-0.009011332680000008,-0.005587824779999996
-0.010938613800000007,-0.007189248000000015,-0.009203695680000007,-0.005360373779999996
-0.011154817800000006,-0.009216738000000016,-0.007451455680000008,-0.005173266779999996
-0.010999417800000006,-0.009139143000000016,-0.007703710680000008,-0.004884912779999996
-0.010680307800000007,-0.008030433000000016,-0.008951530680000007,-0.005466282779999996
-0.011661067800000008,-0.011852613000000015,-0.004284340680000007,-0.005508828779999996
-0.011226037800000008,-0.010770603000000016,-0.005501050680000006,-0.005987808779999996
-0.011191261800000008,-0.009804033000000016,-0.006530110680000006,-0.006841518779999996
-0.011154883800000008,-0.009736992000000015,-0.006672091680000007,-0.006550446779999996
-0.010496593800000007,-0.008371902000000016,-0.008164891680000006,-0.0073680667799999955
-0.010180033800000007,-0.008016192000000016,-0.008957221680000006,-0.0073349677799999955
-0.010782013800000007,-0.010031892000000016,-0.006252361680000006,-0.007304972279999995
-0.010335133800000007,-0.009003252000000017,-0.007461631680000006,-0.007732742279999995
-0.010457545800000008,-0.008840610000000018,-0.007619806680000006,-0.007535162279999995
-0.010062055800000008,-0.008270100000000018,-0.008613136680000006,-0.007515640979999995
-0.010113943800000007,-0.008624580000000019,-0.008198596680000007,-0.007295560979999995
-0.010594813800000007,-0.008741289000000018,-0.007712596680000006,-0.006722470979999995
-0.010693585800000007,-0.007404729000000019,-0.009084136680000006,-0.006425830979999995
-0.011206705800000008,-0.00883812900000002,-0.007220866680000005,-0.006306610979999995
-0.011093794800000008,-0.009085203000000019,-0.006985237680000005,-0.006083038979999995
-0.010925977800000007,-0.00917832300000002,-0.006930316680000005,-0.005949079979999995
-0.011081827800000008,-0.00819933300000002,-0.007857166680000005,-0.005653609979999995
-0.010607527800000007,-0.00793860600000002,-0.008551306680000004,-0.005406373979999995
-0.010301707800000007,-0.00760773600000002,-0.009241306680000004,-0.005228188979999995
-0.011244397800000007,-0.011518686000000021,-0.004538116680000004,-0.005426683979999995
-0.011762107800000006,-0.01017777600000002,-0.007004686680000004,-0.004884493979999995
-0.011742269100000006,-0.00943035600000002,-0.007886716680000004,-0.005070961979999996
-0.011238299100000007,-0.00816831600000002,-0.009248656680000005,-0.005788891979999996
-0.011135279100000006,-0.00813107100000002,-0.009334855680000005,-0.005744929979999996
-0.012104429100000006,-0.010295121000000018,-0.005841865680000006,-0.006028768979999996
-0.011911013100000006,-0.008913261000000018,-0.008345965680000005,-0.005215798979999997
-0.011505473100000007,-0.008595411000000018,-0.009049075680000004,-0.005095804979999997
-0.011737856100000006,-0.009158451000000019,-0.008328385680000005,-0.004756234979999997
-0.011285546100000007,-0.008570571000000018,-0.009245905680000005,-0.004792963979999997
-0.011293140300000008,-0.008622720000000018,-0.009279922680000005,-0.0044270239799999965
-0.011761770300000007,-0.009286350000000018,-0.008002192680000006,-0.004343107979999997
-0.011752704600000007,-0.009601710000000018,-0.007581472680000006,-0.004111000979999997
-0.011688411600000007,-0.009810297000000018,-0.007318339680000006,-0.004022041979999997
-0.011508261600000007,-0.009510462000000018,-0.007982119680000005,-0.003992822279999996
-0.010790751600000007,-0.008143512000000018,-0.009478759680000006,-0.004862432279999996
-0.011872341600000008,-0.009935712000000017,-0.006451279680000007,-0.0051109702799999965
-0.012207981600000008,-0.008935002000000017,-0.006854929680000007,-0.005698160279999996
-0.012159657600000007,-0.006996282000000017,-0.009362119680000006,-0.005241680279999996
-0.011682537600000008,-0.006332652000000017,-0.010297609680000007,-0.005276855279999996
-0.012791367600000008,-0.010436022000000017,-0.005023759680000008,-0.006062285279999996
-0.012522831600000008,-0.009003882000000017,-0.006476689680000008,-0.007739555279999996
-0.012678672600000008,-0.008024892000000016,-0.0074035396800000075,-0.0074440792799999956
-0.012605490600000008,-0.007582902000000016,-0.007829299680000007,-0.007619684279999995
-0.012803514600000008,-0.008550702000000016,-0.006687559680000007,-0.0072646042799999954
-0.012902274600000008,-0.007214142000000016,-0.008059099680000006,-0.0069679642799999955
-0.012292974600000008,-0.006658542000000016,-0.008962729680000007,-0.006967063379999996
-0.012929274600000007,-0.006675306000000016,-0.008378029680000006,-0.006561163379999996
-0.012323964600000008,-0.006135846000000016,-0.009265459680000006,-0.006498193379999996
-0.012256668600000008,-0.006292287000000016,-0.009386617680000006,-0.006137683379999996
-0.012033384600000007,-0.007423977000000016,-0.008902687680000005,-0.0056650633799999964
-0.012032168250000008,-0.007235262000000016,-0.009095050680000005,-0.005437612379999996
-0.011666228250000008,-0.006605802000000016,-0.010053670680000005,-0.005399083379999997
-0.011882432250000007,-0.008633292000000015,-0.008301430680000004,-0.005211976379999997
-0.011727032250000007,-0.008555697000000015,-0.008553685680000004,-0.004923622379999997
-0.012136832250000007,-0.008500449000000014,-0.008282068680000004,-0.004449442379999996
-0.011701802250000008,-0.0074184390000000145,-0.009498778680000004,-0.004928422379999997
-0.013104752250000008,-0.009117519000000015,-0.006208078680000004,-0.0050287693799999965
-0.013068374250000007,-0.009050478000000015,-0.006350059680000004,-0.004737697379999997
-0.012410084250000007,-0.007685388000000015,-0.007842859680000005,-0.0055553173799999965
-0.012093524250000006,-0.007329678000000015,-0.008635189680000004,-0.0055222183799999965
-0.012695504250000007,-0.009345378000000015,-0.005930329680000004,-0.005492222879999996
-0.012248624250000006,-0.008316738000000014,-0.007139599680000004,-0.005919992879999996
-0.011853134250000006,-0.007746228000000015,-0.008132929680000005,-0.005900471579999996
-0.011905022250000006,-0.008100708000000015,-0.007718389680000005,-0.005680391579999996
-0.012385892250000006,-0.008217417000000015,-0.007232389680000005,-0.005107301579999996
-0.012484664250000006,-0.006880857000000015,-0.008603929680000004,-0.004810661579999996
-0.012997784250000007,-0.008314257000000016,-0.006740659680000004,-0.004691441579999996
-0.012884873250000007,-0.008561331000000016,-0.0065050306800000035,-0.004467869579999996
-0.012717056250000006,-0.008654451000000016,-0.006450109680000003,-0.004333910579999996
-0.012872906250000007,-0.007675461000000016,-0.007376959680000003,-0.004038440579999996
-0.012398606250000006,-0.0074147340000000166,-0.008071099680000002,-0.003791204579999996
-0.012092786250000006,-0.007083864000000017,-0.008761099680000002,-0.003613019579999996
-0.013035476250000006,-0.010994814000000016,-0.004057909680000003,-0.0038115145799999957
-0.013553186250000005,-0.009653904000000015,-0.006524479680000002,-0.0032693245799999956
-0.013533347550000005,-0.008906484000000015,-0.007406509680000002,-0.0034557925799999956
-0.013029377550000006,-0.007644444000000015,-0.008768449680000002,-0.0041737225799999954
-0.012926357550000005,-0.007607199000000015,-0.008854648680000002,-0.004129760579999996
-0.013895507550000005,-0.009771249000000015,-0.0053616586800000025,-0.004413599579999996
-0.013702091550000005,-0.008389389000000014,-0.007865758680000001,-0.0036006295799999957
-0.013333721550000005,-0.007180119000000014,-0.009258808680000001,-0.0047743795799999956
-0.012928181550000006,-0.006862269000000015,-0.009961918680000001,-0.0046543855799999955
-0.013979981550000006,-0.010632279000000015,-0.005413738680000001,-0.004880033579999996
-0.013460051550000006,-0.009445959000000016,-0.006836098680000001,-0.005630543579999996
-0.012923801550000006,-0.008011959000000016,-0.008376958680000001,-0.0066014035799999956
-0.013156184550000005,-0.008574999000000017,-0.0076562686800000015,-0.006261833579999996
-0.012920114550000006,-0.011444889000000017,-0.006520258680000002,-0.004010813579999996
-0.012467804550000006,-0.010857009000000016,-0.0074377786800000015,-0.004047542579999996
-0.014316764550000007,-0.008244129000000017,-0.007502641680000002,-0.005137892579999996
-0.014013254550000007,-0.007973469000000016,-0.008207821680000001,-0.005009750579999995
-0.014020848750000007,-0.008025618000000016,-0.008241838680000002,-0.004643810579999995
-0.014011783050000007,-0.008340978000000016,-0.007821118680000003,-0.004411703579999995
-0.013947490050000007,-0.008549565000000016,-0.007557985680000003,-0.004322744579999996
-0.013767340050000007,-0.008249730000000016,-0.008221765680000003,-0.004293524879999996
-0.013049830050000008,-0.006882780000000016,-0.009718405680000004,-0.005163134879999995
-0.014131420050000008,-0.008674980000000016,-0.0066909256800000046,-0.005411672879999996
-0.014083096050000007,-0.0067362600000000165,-0.009198115680000004,-0.004955192879999995
-0.013605976050000008,-0.006072630000000016,-0.010133605680000005,-0.0049903678799999955
-0.014714806050000008,-0.010176000000000015,-0.004859755680000005,-0.005775797879999996
-0.014446270050000008,-0.008743860000000015,-0.006312685680000005,-0.0074530678799999955
-0.014602111050000009,-0.007764870000000015,-0.007239535680000005,-0.007157591879999995
-0.014528929050000009,-0.007322880000000015,-0.007665295680000005,-0.007333196879999995
-0.014726953050000009,-0.008290680000000016,-0.0065235556800000045,-0.006978116879999995
-0.014825713050000008,-0.006954120000000016,-0.007895095680000004,-0.006681476879999995
-0.014216413050000008,-0.006398520000000016,-0.008798725680000005,-0.0066805759799999954
-0.013611103050000009,-0.005859060000000016,-0.009686155680000004,-0.006617605979999996
-0.013543807050000009,-0.006015501000000016,-0.009807313680000004,-0.006257095979999996
-0.013320523050000008,-0.007147191000000016,-0.009323383680000004,-0.005784475979999996
-0.013319306700000009,-0.006958476000000016,-0.009515746680000003,-0.005557024979999996
-0.012953366700000008,-0.006329016000000016,-0.010474366680000003,-0.005518495979999996
-0.013169570700000008,-0.008356506000000017,-0.008722126680000003,-0.005331388979999996
-0.012933500700000008,-0.011226396000000017,-0.007586116680000003,-0.0030803689799999965
-0.012778100700000008,-0.011148801000000017,-0.007838371680000003,-0.0027920149799999967
-0.013196480700000008,-0.010454781000000017,-0.007971868680000002,-0.0032391649799999966
-0.012877370700000008,-0.009346071000000017,-0.009219688680000003,-0.0038205349799999965
-0.012442340700000009,-0.008264061000000017,-0.010436398680000002,-0.004299514979999997
-0.013845290700000009,-0.009963141000000017,-0.007145698680000002,-0.004399861979999997
-0.013808912700000009,-0.009896100000000017,-0.0072876796800000025,-0.004108789979999997
-0.013150622700000008,-0.008531010000000018,-0.008780479680000002,-0.004926409979999997
-0.012834062700000008,-0.008175300000000017,-0.00957280968,-0.004893310979999997
-0.013436042700000008,-0.010191000000000018,-0.006867949680000001,-0.004863315479999996
-0.012989162700000008,-0.009162360000000019,-0.00807721968,-0.005291085479999996
-0.012593672700000008,-0.008591850000000019,-0.009070549680000001,-0.005271564179999996
-0.012645560700000008,-0.00894633000000002,-0.008656009680000002,-0.005051484179999996
-0.012744332700000008,-0.00760977000000002,-0.010027549680000001,-0.004754844179999996
-0.013257452700000009,-0.00904317000000002,-0.00816427968,-0.004635624179999996
-0.013144541700000009,-0.00929024400000002,-0.007928650680000001,-0.004412052179999996
-0.012976724700000008,-0.00938336400000002,-0.007873729680000002,-0.004278093179999996
-0.013132574700000009,-0.00840437400000002,-0.008800579680000002,-0.003982623179999996
-0.012658274700000008,-0.00814364700000002,-0.009494719680000001,-0.003735387179999996
-0.012352454700000008,-0.007812777000000019,-0.01018471968,-0.003557202179999996
-0.013295144700000008,-0.011723727000000019,-0.005481529680000001,-0.003755697179999996
-0.013574054700000008,-0.010584597000000018,-0.006874399680000001,-0.003666987179999996
-0.013554216000000008,-0.009837177000000018,-0.007756429680000001,-0.003853455179999996
-0.013050246000000008,-0.008575137000000017,-0.009118369680000002,-0.004571385179999996
-0.012947226000000008,-0.008537892000000017,-0.009204568680000002,-0.004527423179999996
-0.012541686000000008,-0.008220042000000018,-0.009907678680000002,-0.004407429179999996
-0.013619166000000009,-0.010088592000000018,-0.006836008680000003,-0.004753719179999996
-0.013099236000000009,-0.008902272000000018,-0.008258368680000003,-0.005504229179999996
-0.012562986000000009,-0.007468272000000019,-0.009799228680000003,-0.006475089179999996
-0.012795369000000008,-0.00803131200000002,-0.009078538680000003,-0.006135519179999996
-0.012559299000000008,-0.01090120200000002,-0.007942528680000003,-0.003884499179999996
-0.012106989000000009,-0.010313322000000019,-0.008860048680000003,-0.0039212281799999955
-0.012715539000000008,-0.009159282000000019,-0.009050353680000003,-0.004273728179999996
-0.012412029000000008,-0.008888622000000018,-0.009755533680000003,-0.0041455861799999955
-0.012419623200000009,-0.008940771000000017,-0.009789550680000004,-0.0037796461799999956
-0.012888253200000008,-0.009604401000000018,-0.008511820680000004,-0.0036957301799999957
-0.012879187500000009,-0.009919761000000018,-0.008091100680000005,-0.0034636231799999957
-0.012814894500000009,-0.010128348000000018,-0.007827967680000004,-0.0033746641799999957
-0.012634744500000008,-0.009828513000000018,-0.008491747680000003,-0.003345444479999996
-0.011917234500000009,-0.008461563000000017,-0.009988387680000004,-0.004215054479999996
-0.01299882450000001,-0.010253763000000016,-0.006960907680000005,-0.004463592479999995
-0.01333446450000001,-0.009253053000000016,-0.007364557680000005,-0.005050782479999995
-0.013286140500000009,-0.007314333000000017,-0.009871747680000004,-0.004594302479999994
-0.01280902050000001,-0.0066507030000000165,-0.010807237680000005,-0.0046294774799999945
-0.013917850500000009,-0.010754073000000017,-0.005533387680000006,-0.005414907479999995
-0.01364931450000001,-0.009321933000000017,-0.006986317680000006,-0.0070921774799999945
-0.01380515550000001,-0.008342943000000016,-0.007913167680000006,-0.006796701479999994
-0.01373197350000001,-0.007900953000000016,-0.008338927680000007,-0.006972306479999994
-0.01392999750000001,-0.008868753000000016,-0.007197187680000007,-0.006617226479999994
-0.01402875750000001,-0.007532193000000016,-0.008568727680000006,-0.006320586479999994
-0.01341945750000001,-0.006976593000000016,-0.009472357680000007,-0.0063196855799999944
-0.01281414750000001,-0.006437133000000016,-0.010359787680000006,-0.006256715579999995
-0.01274685150000001,-0.006593574000000016,-0.010480945680000006,-0.005896205579999995
-0.01252356750000001,-0.007725264000000016,-0.009997015680000006,-0.005423585579999995
-0.01252235115000001,-0.0075365490000000165,-0.010189378680000005,-0.005196134579999995
-0.01273855515000001,-0.009564039000000017,-0.008437138680000004,-0.005009027579999995
-0.01258315515000001,-0.009486444000000017,-0.008689393680000004,-0.004720673579999995
-0.01226404515000001,-0.008377734000000017,-0.009937213680000005,-0.005302043579999995
-0.01324480515000001,-0.012199914000000017,-0.005270023680000005,-0.005344589579999995
-0.012809775150000011,-0.011117904000000017,-0.006486733680000004,-0.005823569579999995
-0.013586175150000011,-0.009958284000000017,-0.006586813680000004,-0.006207479579999995
-0.013549797150000011,-0.009891243000000017,-0.006728794680000004,-0.005916407579999995
-0.01289150715000001,-0.008526153000000017,-0.008221594680000003,-0.006734027579999995
-0.01257494715000001,-0.008170443000000017,-0.009013924680000002,-0.006700928579999995
-0.01317692715000001,-0.010186143000000017,-0.006309064680000002,-0.006670933079999995
-0.01273004715000001,-0.009157503000000018,-0.007518334680000002,-0.007098703079999995
-0.01285245915000001,-0.008994861000000019,-0.007676509680000002,-0.006901123079999995
-0.01245696915000001,-0.00842435100000002,-0.008669839680000003,-0.0068816017799999945
-0.01250885715000001,-0.00877883100000002,-0.008255299680000003,-0.006661521779999994
-0.01298972715000001,-0.00889554000000002,-0.007769299680000003,-0.006088431779999994
-0.01308849915000001,-0.00755898000000002,-0.009140839680000002,-0.005791791779999994
-0.013601619150000011,-0.00899238000000002,-0.007277569680000002,-0.005672571779999995
-0.013488708150000011,-0.00923945400000002,-0.007041940680000002,-0.005448999779999995
-0.01332089115000001,-0.00933257400000002,-0.006987019680000001,-0.005315040779999994
-0.013476741150000011,-0.008353584000000022,-0.007913869680000001,-0.005019570779999994
-0.01300244115000001,-0.008092857000000021,-0.00860800968,-0.004772334779999995
-0.01269662115000001,-0.007761987000000021,-0.00929800968,-0.004594149779999995
-0.01363931115000001,-0.011672937000000022,-0.004594819680000001,-0.004792644779999995
-0.01391822115000001,-0.010533807000000022,-0.005987689680000001,-0.004703934779999995
-0.01389838245000001,-0.009786387000000021,-0.006869719680000001,-0.0048904027799999954
-0.01339441245000001,-0.00852434700000002,-0.00823165968,-0.005608332779999996
-0.013550262450000012,-0.007545357000000021,-0.00915850968,-0.005312862779999996
-0.013447242450000011,-0.007508112000000021,-0.00924470868,-0.005268900779999996
-0.014416392450000011,-0.00967216200000002,-0.00575171868,-0.005552739779999996
-0.014222976450000011,-0.00829030200000002,-0.008255818679999999,-0.0047397697799999965
-0.013817436450000012,-0.00797245200000002,-0.008958928679999999,-0.0046197757799999965
-0.013297506450000012,-0.00678613200000002,-0.010381288679999998,-0.005370285779999997
-0.013716546450000013,-0.00968707200000002,-0.007541728679999998,-0.005474901779999997
-0.013180296450000012,-0.008253072000000021,-0.009082588679999998,-0.006445761779999996
-0.013412679450000011,-0.008816112000000022,-0.008361898679999999,-0.006106191779999996
-0.013176609450000012,-0.011686002000000022,-0.007225888679999999,-0.0038551717799999966
-0.012724299450000013,-0.011098122000000021,-0.008143408679999999,-0.0038919007799999967
-0.014573259450000013,-0.008485242000000021,-0.008208271679999999,-0.004982250779999997
-0.014269749450000013,-0.00821458200000002,-0.008913451679999998,-0.004854108779999996
-0.014277343650000014,-0.00826673100000002,-0.008947468679999999,-0.004488168779999996
-0.014268277950000014,-0.00858209100000002,-0.00852674868,-0.004256061779999996
-0.014203984950000014,-0.00879067800000002,-0.00826361568,-0.004167102779999996
-0.013486474950000014,-0.007423728000000021,-0.00976025568,-0.005036712779999996
-0.014568064950000015,-0.00921592800000002,-0.006732775680000001,-0.005285250779999995
-0.014519740950000014,-0.007277208000000021,-0.00923996568,-0.004828770779999995
-0.014042620950000015,-0.006613578000000021,-0.01017545568,-0.004863945779999995
-0.015151450950000015,-0.010716948000000021,-0.0049016056800000015,-0.005649375779999995
-0.014882914950000015,-0.009284808000000021,-0.006354535680000001,-0.007326645779999995
-0.015038755950000015,-0.00830581800000002,-0.007281385680000001,-0.007031169779999995
-0.014965573950000016,-0.00786382800000002,-0.007707145680000001,-0.007206774779999994
-0.015163597950000015,-0.00883162800000002,-0.006565405680000001,-0.0068516947799999945
-0.015262357950000015,-0.0074950680000000205,-0.00793694568,-0.0065550547799999945
-0.014653057950000015,-0.006939468000000021,-0.00884057568,-0.006554153879999995
-0.014047747950000015,-0.00640000800000002,-0.00972800568,-0.006491183879999995
-0.013980451950000016,-0.006556449000000021,-0.00984916368,-0.006130673879999995
-0.013757167950000015,-0.007688139000000021,-0.00936523368,-0.005658053879999995
-0.013755951600000016,-0.007499424000000021,-0.009557596679999999,-0.005430602879999995
-0.013390011600000015,-0.006869964000000021,-0.010516216679999999,-0.0053920738799999954
-0.013606215600000015,-0.00889745400000002,-0.008763976679999999,-0.005204966879999996
